"Viewer Version";"2.91"
"COM HW Type";"RS485/USB Sensor Cable"
"COM HW Config";"Config String: COM4 , 115200, ECHOOFF"
"Sensor Cable Version";"1.8"
"Product Type";"Liquid Flow Sensor (SF06 Chip)"
"Product COM Protocol Config";"SHDLC Device Address: 0"
"Product ID";"SLF3S-1300F"
"Sensor Serial";"1949-000064"
"I2C Address";"8"
"Supply Voltage";"3.5 V"
"Command Address";"0x3608"
"Sampling Time [ms]";"5"
"Scale Factor Flow lin.";"500"
"Scale Factor Temp lin.";"200"
"Scale Factor Custom";"1"
"Sample #";"Relative Time[s]";"Flow linearized [ml/min]";"Temperature linearized [deg C]";"Custom []"
"38080";"189,4234";"-0,060";"29,560";"0,000"
"38081";"189,4280";"-0,084";"29,560";"0,000"
"38082";"189,4325";"-0,092";"29,560";"0,000"
"38083";"189,4371";"-0,090";"29,600";"0,000"
"38084";"189,4417";"-0,084";"29,600";"0,000"
"38085";"189,4462";"-0,048";"29,600";"0,000"
"38086";"189,4508";"-0,006";"29,600";"0,000"
"38087";"189,4561";"0,024";"29,590";"0,000"
"38088";"189,4615";"0,018";"29,590";"0,000"
"38089";"189,4668";"-0,012";"29,645";"0,000"
"38090";"189,4722";"-0,040";"29,645";"0,000"
"38091";"189,4775";"-0,054";"29,650";"0,000"
"38092";"189,4828";"-0,048";"29,650";"0,000"
"38093";"189,4868";"-0,034";"29,650";"0,000"
"38094";"189,4908";"-0,026";"29,580";"0,000"
"38095";"189,4947";"-0,018";"29,580";"0,000"
"38096";"189,4987";"-0,008";"29,625";"0,000"
"38097";"189,5033";"-0,004";"29,625";"0,000"
"38098";"189,5078";"-0,006";"29,725";"0,000"
"38099";"189,5124";"-0,006";"29,725";"0,000"
"38100";"189,5170";"-0,008";"29,610";"0,000"
"38101";"189,5216";"-0,014";"29,610";"0,000"
"38102";"189,5262";"-0,020";"29,610";"0,000"
"38103";"189,5307";"-0,024";"29,620";"0,000"
"38104";"189,5387";"-0,028";"29,620";"0,000"
"38105";"189,5467";"-0,022";"29,645";"0,000"
"38106";"189,5520";"-0,008";"29,645";"0,000"
"38107";"189,5573";"-0,004";"29,625";"0,000"
"38108";"189,5626";"-0,002";"29,625";"0,000"
"38109";"189,5667";"-0,004";"29,520";"0,000"
"38110";"189,5707";"-0,004";"29,520";"0,000"
"38111";"189,5747";"-0,008";"29,655";"0,000"
"38112";"189,5787";"-0,012";"29,655";"0,000"
"38113";"189,5833";"-0,016";"29,655";"0,000"
"38114";"189,5879";"-0,016";"29,695";"0,000"
"38115";"189,5924";"-0,010";"29,695";"0,000"
"38116";"189,5970";"-0,004";"29,590";"0,000"
"38117";"189,6016";"0,004";"29,590";"0,000"
"38118";"189,6061";"0,010";"29,650";"0,000"
"38119";"189,6107";"0,012";"29,650";"0,000"
"38120";"189,6187";"0,012";"29,675";"0,000"
"38121";"189,6268";"0,010";"29,675";"0,000"
"38122";"189,6308";"0,004";"29,675";"0,000"
"38123";"189,6347";"-0,004";"29,650";"0,000"
"38124";"189,6387";"-0,010";"29,650";"0,000"
"38125";"189,6427";"-0,010";"29,625";"0,000"
"38126";"189,6481";"-0,008";"29,625";"0,000"
"38127";"189,6535";"-0,008";"29,625";"0,000"
"38128";"189,6588";"-0,002";"29,625";"0,000"
"38129";"189,6634";"0,004";"29,690";"0,000"
"38130";"189,6679";"0,010";"29,690";"0,000"
"38131";"189,6725";"0,010";"29,690";"0,000"
"38132";"189,6770";"0,004";"29,655";"0,000"
"38133";"189,6816";"-0,006";"29,655";"0,000"
"38134";"189,6861";"-0,016";"29,675";"0,000"
"38135";"189,6907";"-0,022";"29,675";"0,000"
"38136";"189,6987";"-0,024";"29,610";"0,000"
"38137";"189,7067";"-0,018";"29,610";"0,000"
"38138";"189,7107";"-0,010";"29,680";"0,000"
"38139";"189,7147";"-0,002";"29,680";"0,000"
"38140";"189,7187";"0,010";"29,545";"0,000"
"38141";"189,7227";"0,018";"29,545";"0,000"
"38142";"189,7281";"0,016";"29,545";"0,000"
"38143";"189,7334";"0,014";"29,710";"0,000"
"38144";"189,7387";"0,012";"29,710";"0,000"
"38145";"189,7433";"0,012";"29,645";"0,000"
"38146";"189,7478";"0,008";"29,645";"0,000"
"38147";"189,7524";"0,006";"29,675";"0,000"
"38148";"189,7569";"0,002";"29,675";"0,000"
"38149";"189,7615";"0,000";"29,670";"0,000"
"38150";"189,7660";"0,000";"29,670";"0,000"
"38151";"189,7706";"0,016";"29,670";"0,000"
"38152";"189,7786";"0,030";"29,710";"0,000"
"38153";"189,7867";"0,038";"29,710";"0,000"
"38154";"189,7907";"0,032";"29,680";"0,000"
"38155";"189,7947";"0,022";"29,680";"0,000"
"38156";"189,7986";"0,024";"29,620";"0,000"
"38157";"189,8026";"0,036";"29,620";"0,000"
"38158";"189,8080";"0,050";"29,725";"0,000"
"38159";"189,8133";"0,052";"29,725";"0,000"
"38160";"189,8186";"0,048";"29,650";"0,000"
"38161";"189,8232";"0,036";"29,650";"0,000"
"38162";"189,8278";"0,020";"29,650";"0,000"
"38163";"189,8323";"0,004";"29,720";"0,000"
"38164";"189,8369";"-0,004";"29,720";"0,000"
"38165";"189,8414";"0,014";"29,610";"0,000"
"38166";"189,8460";"0,038";"29,610";"0,000"
"38167";"189,8506";"0,044";"29,700";"0,000"
"38168";"189,8586";"0,040";"29,700";"0,000"
"38169";"189,8667";"0,032";"29,670";"0,000"
"38170";"189,8707";"0,024";"29,670";"0,000"
"38171";"189,8747";"0,018";"29,670";"0,000"
"38172";"189,8787";"0,018";"29,650";"0,000"
"38173";"189,8827";"0,012";"29,650";"0,000"
"38174";"189,8880";"0,010";"29,670";"0,000"
"38175";"189,8933";"0,012";"29,670";"0,000"
"38176";"189,8987";"0,026";"29,635";"0,000"
"38177";"189,9032";"0,042";"29,635";"0,000"
"38178";"189,9078";"0,058";"29,695";"0,000"
"38179";"189,9123";"0,092";"29,695";"0,000"
"38180";"189,9169";"0,128";"29,675";"0,000"
"38181";"189,9215";"0,146";"29,675";"0,000"
"38182";"189,9260";"0,114";"29,675";"0,000"
"38183";"189,9306";"0,066";"29,630";"0,000"
"38184";"189,9359";"0,020";"29,630";"0,000"
"38185";"189,9413";"-0,012";"29,705";"0,000"
"38186";"189,9466";"-0,032";"29,705";"0,000"
"38187";"189,9520";"-0,026";"29,730";"0,000"
"38188";"189,9573";"-0,016";"29,730";"0,000"
"38189";"189,9627";"-0,022";"29,670";"0,000"
"38190";"189,9680";"-0,034";"29,670";"0,000"
"38191";"189,9733";"-0,014";"29,670";"0,000"
"38192";"189,9786";"-0,004";"29,730";"0,000"
"38193";"189,9832";"0,014";"29,730";"0,000"
"38194";"189,9878";"0,038";"29,670";"0,000"
"38195";"189,9923";"0,040";"29,670";"0,000"
"38196";"189,9969";"0,034";"29,730";"0,000"
"38197";"190,0014";"0,044";"29,730";"0,000"
"38198";"190,0060";"0,030";"29,690";"0,000"
"38199";"190,0105";"0,030";"29,690";"0,000"
"38200";"190,0159";"0,002";"29,690";"0,000"
"38201";"190,0213";"-0,010";"29,680";"0,000"
"38202";"190,0267";"-0,014";"29,680";"0,000"
"38203";"190,0320";"-0,008";"29,795";"0,000"
"38204";"190,0373";"-0,006";"29,795";"0,000"
"38205";"190,0426";"-0,006";"29,730";"0,000"
"38206";"190,0479";"0,014";"29,730";"0,000"
"38207";"190,0533";"0,032";"29,665";"0,000"
"38208";"190,0586";"0,022";"29,665";"0,000"
"38209";"190,0639";"-0,006";"29,750";"0,000"
"38210";"190,0692";"0,008";"29,750";"0,000"
"38211";"190,0745";"0,028";"29,750";"0,000"
"38212";"190,0799";"0,002";"29,685";"0,000"
"38213";"190,0852";"-0,040";"29,685";"0,000"
"38214";"190,0905";"-0,062";"29,690";"0,000"
"38215";"190,0958";"-0,054";"29,690";"0,000"
"38216";"190,1011";"-0,028";"29,690";"0,000"
"38217";"190,1064";"0,002";"29,690";"0,000"
"38218";"190,1104";"0,020";"29,720";"0,000"
"38219";"190,1144";"0,014";"29,720";"0,000"
"38220";"190,1184";"-0,002";"29,720";"0,000"
"38221";"190,1224";"-0,018";"29,670";"0,000"
"38222";"190,1278";"-0,012";"29,670";"0,000"
"38223";"190,1331";"-0,020";"29,715";"0,000"
"38224";"190,1384";"-0,024";"29,715";"0,000"
"38225";"190,1430";"-0,022";"29,695";"0,000"
"38226";"190,1475";"-0,020";"29,695";"0,000"
"38227";"190,1521";"-0,012";"29,775";"0,000"
"38228";"190,1566";"-0,010";"29,775";"0,000"
"38229";"190,1612";"-0,008";"29,760";"0,000"
"38230";"190,1658";"-0,010";"29,760";"0,000"
"38231";"190,1703";"-0,010";"29,760";"0,000"
"38232";"190,1757";"-0,002";"29,720";"0,000"
"38233";"190,1811";"0,006";"29,720";"0,000"
"38234";"190,1864";"0,004";"29,655";"0,000"
"38235";"190,1918";"-0,002";"29,655";"0,000"
"38236";"190,1971";"-0,002";"29,680";"0,000"
"38237";"190,2024";"-0,002";"29,680";"0,000"
"38238";"190,2077";"-0,010";"29,710";"0,000"
"38239";"190,2131";"-0,016";"29,710";"0,000"
"38240";"190,2184";"-0,012";"29,710";"0,000"
"38241";"190,2230";"0,004";"29,660";"0,000"
"38242";"190,2276";"0,022";"29,660";"0,000"
"38243";"190,2321";"0,032";"29,755";"0,000"
"38244";"190,2367";"0,024";"29,755";"0,000"
"38245";"190,2412";"0,012";"29,695";"0,000"
"38246";"190,2458";"0,008";"29,695";"0,000"
"38247";"190,2504";"0,016";"29,675";"0,000"
"38248";"190,2557";"0,024";"29,675";"0,000"
"38249";"190,2611";"0,034";"29,700";"0,000"
"38250";"190,2664";"0,042";"29,700";"0,000"
"38251";"190,2718";"0,046";"29,700";"0,000"
"38252";"190,2771";"0,044";"29,730";"0,000"
"38253";"190,2824";"0,044";"29,730";"0,000"
"38254";"190,2877";"0,044";"29,755";"0,000"
"38255";"190,2930";"0,042";"29,755";"0,000"
"38256";"190,2983";"0,014";"29,775";"0,000"
"38257";"190,3029";"0,012";"29,775";"0,000"
"38258";"190,3075";"-0,002";"29,700";"0,000"
"38259";"190,3120";"-0,012";"29,700";"0,000"
"38260";"190,3166";"0,008";"29,700";"0,000"
"38261";"190,3211";"0,042";"29,755";"0,000"
"38262";"190,3257";"0,080";"29,755";"0,000"
"38263";"190,3303";"0,098";"29,765";"0,000"
"38264";"190,3356";"0,090";"29,765";"0,000"
"38265";"190,3409";"0,102";"29,745";"0,000"
"38266";"190,3463";"0,080";"29,745";"0,000"
"38267";"190,3517";"0,054";"29,710";"0,000"
"38268";"190,3570";"0,034";"29,710";"0,000"
"38269";"190,3624";"0,030";"29,710";"0,000"
"38270";"190,3677";"0,032";"29,700";"0,000"
"38271";"190,3730";"0,036";"29,700";"0,000"
"38272";"190,3783";"0,042";"29,730";"0,000"
"38273";"190,3829";"0,042";"29,730";"0,000"
"38274";"190,3875";"0,038";"29,720";"0,000"
"38275";"190,3920";"0,036";"29,720";"0,000"
"38276";"190,3966";"0,040";"29,810";"0,000"
"38277";"190,4012";"0,044";"29,810";"0,000"
"38278";"190,4057";"0,044";"29,805";"0,000"
"38279";"190,4103";"0,034";"29,805";"0,000"
"38280";"190,4156";"0,042";"29,805";"0,000"
"38281";"190,4210";"0,056";"29,745";"0,000"
"38282";"190,4264";"0,046";"29,745";"0,000"
"38283";"190,4317";"0,010";"29,705";"0,000"
"38284";"190,4370";"-0,028";"29,705";"0,000"
"38285";"190,4423";"-0,040";"29,760";"0,000"
"38286";"190,4477";"-0,020";"29,760";"0,000"
"38287";"190,4530";"0,020";"29,745";"0,000"
"38288";"190,4583";"0,064";"29,745";"0,000"
"38289";"190,4629";"0,092";"29,745";"0,000"
"38290";"190,4675";"0,098";"29,740";"0,000"
"38291";"190,4720";"0,102";"29,740";"0,000"
"38292";"190,4766";"0,114";"29,715";"0,000"
"38293";"190,4811";"0,130";"29,715";"0,000"
"38294";"190,4857";"0,114";"29,755";"0,000"
"38295";"190,4902";"0,112";"29,755";"0,000"
"38296";"190,4955";"0,104";"29,760";"0,000"
"38297";"190,5008";"0,004";"29,760";"0,000"
"38298";"190,5061";"-0,044";"29,795";"0,000"
"38299";"190,5115";"-0,082";"29,795";"0,000"
"38300";"190,5168";"-0,064";"29,795";"0,000"
"38301";"190,5222";"-0,032";"29,795";"0,000"
"38302";"190,5262";"-0,002";"29,795";"0,000"
"38303";"190,5302";"0,012";"29,760";"0,000"
"38304";"190,5342";"0,030";"29,760";"0,000"
"38305";"190,5382";"0,050";"29,755";"0,000"
"38306";"190,5436";"0,038";"29,755";"0,000"
"38307";"190,5489";"0,042";"29,740";"0,000"
"38308";"190,5542";"0,056";"29,740";"0,000"
"38309";"190,5595";"0,024";"29,740";"0,000"
"38310";"190,5649";"-0,012";"29,730";"0,000"
"38311";"190,5702";"-0,006";"29,730";"0,000"
"38312";"190,5756";"0,018";"29,780";"0,000"
"38313";"190,5810";"0,022";"29,780";"0,000"
"38314";"190,5864";"0,036";"29,745";"0,000"
"38315";"190,5917";"0,040";"29,745";"0,000"
"38316";"190,5971";"0,050";"29,775";"0,000"
"38317";"190,6024";"0,054";"29,775";"0,000"
"38318";"190,6064";"0,058";"29,775";"0,000"
"38319";"190,6103";"0,048";"29,775";"0,000"
"38320";"190,6143";"0,038";"29,775";"0,000"
"38321";"190,6183";"0,028";"29,710";"0,000"
"38322";"190,6228";"0,018";"29,710";"0,000"
"38323";"190,6274";"0,018";"29,725";"0,000"
"38324";"190,6319";"0,018";"29,725";"0,000"
"38325";"190,6365";"0,024";"29,730";"0,000"
"38326";"190,6410";"0,030";"29,730";"0,000"
"38327";"190,6456";"0,034";"29,650";"0,000"
"38328";"190,6502";"0,036";"29,650";"0,000"
"38329";"190,6581";"0,040";"29,650";"0,000"
"38330";"190,6661";"0,040";"29,795";"0,000"
"38331";"190,6715";"0,038";"29,795";"0,000"
"38332";"190,6768";"0,032";"29,710";"0,000"
"38333";"190,6821";"0,024";"29,710";"0,000"
"38334";"190,6861";"0,020";"29,760";"0,000"
"38335";"190,6901";"0,026";"29,760";"0,000"
"38336";"190,6941";"0,034";"29,755";"0,000"
"38337";"190,6982";"0,044";"29,755";"0,000"
"38338";"190,7027";"0,050";"29,755";"0,000"
"38339";"190,7073";"0,050";"29,835";"0,000"
"38340";"190,7118";"0,046";"29,835";"0,000"
"38341";"190,7164";"0,038";"29,715";"0,000"
"38342";"190,7210";"0,028";"29,715";"0,000"
"38343";"190,7255";"0,028";"29,735";"0,000"
"38344";"190,7301";"0,034";"29,735";"0,000"
"38345";"190,7381";"0,046";"29,730";"0,000"
"38346";"190,7461";"0,062";"29,730";"0,000"
"38347";"190,7501";"0,074";"29,735";"0,000"
"38348";"190,7541";"0,082";"29,735";"0,000"
"38349";"190,7581";"0,084";"29,735";"0,000"
"38350";"190,7621";"0,084";"29,790";"0,000"
"38351";"190,7674";"0,090";"29,790";"0,000"
"38352";"190,7727";"0,098";"29,780";"0,000"
"38353";"190,7780";"0,112";"29,780";"0,000"
"38354";"190,7826";"0,122";"29,775";"0,000"
"38355";"190,7872";"0,122";"29,775";"0,000"
"38356";"190,7918";"0,126";"29,775";"0,000"
"38357";"190,7963";"0,138";"29,775";"0,000"
"38358";"190,8009";"0,174";"29,775";"0,000"
"38359";"190,8055";"0,248";"29,795";"0,000"
"38360";"190,8101";"0,382";"29,795";"0,000"
"38361";"190,8180";"0,538";"29,770";"0,000"
"38362";"190,8260";"0,658";"29,770";"0,000"
"38363";"190,8300";"0,716";"29,800";"0,000"
"38364";"190,8340";"0,782";"29,800";"0,000"
"38365";"190,8380";"0,956";"29,795";"0,000"
"38366";"190,8420";"1,086";"29,795";"0,000"
"38367";"190,8474";"0,908";"29,835";"0,000"
"38368";"190,8527";"0,588";"29,835";"0,000"
"38369";"190,8581";"0,496";"29,835";"0,000"
"38370";"190,8626";"0,644";"29,815";"0,000"
"38371";"190,8672";"1,294";"29,815";"0,000"
"38372";"190,8718";"2,480";"29,765";"0,000"
"38373";"190,8763";"3,688";"29,765";"0,000"
"38374";"190,8809";"3,966";"29,795";"0,000"
"38375";"190,8854";"3,346";"29,795";"0,000"
"38376";"190,8900";"2,594";"29,780";"0,000"
"38377";"190,8980";"2,180";"29,780";"0,000"
"38378";"190,9060";"2,130";"29,780";"0,000"
"38379";"190,9100";"2,344";"29,770";"0,000"
"38380";"190,9140";"2,704";"29,770";"0,000"
"38381";"190,9180";"3,052";"29,730";"0,000"
"38382";"190,9221";"3,208";"29,730";"0,000"
"38383";"190,9274";"3,264";"29,755";"0,000"
"38384";"190,9327";"3,238";"29,755";"0,000"
"38385";"190,9380";"3,164";"29,715";"0,000"
"38386";"190,9426";"3,102";"29,715";"0,000"
"38387";"190,9471";"3,190";"29,660";"0,000"
"38388";"190,9517";"3,366";"29,660";"0,000"
"38389";"190,9563";"3,794";"29,660";"0,000"
"38390";"190,9608";"4,422";"29,650";"0,000"
"38391";"190,9654";"5,152";"29,650";"0,000"
"38392";"190,9699";"6,010";"29,750";"0,000"
"38393";"190,9753";"6,876";"29,750";"0,000"
"38394";"190,9806";"7,604";"29,650";"0,000"
"38395";"190,9859";"7,740";"29,650";"0,000"
"38396";"190,9913";"7,758";"29,555";"0,000"
"38397";"190,9966";"7,606";"29,555";"0,000"
"38398";"191,0019";"7,350";"29,555";"0,000"
"38399";"191,0072";"7,288";"29,550";"0,000"
"38400";"191,0126";"7,528";"29,550";"0,000"
"38401";"191,0179";"8,222";"29,470";"0,000"
"38402";"191,0225";"9,358";"29,470";"0,000"
"38403";"191,0271";"11,128";"29,425";"0,000"
"38404";"191,0316";"12,996";"29,425";"0,000"
"38405";"191,0362";"14,864";"29,385";"0,000"
"38406";"191,0408";"16,658";"29,385";"0,000"
"38407";"191,0453";"18,482";"29,385";"0,000"
"38408";"191,0499";"19,896";"29,265";"0,000"
"38409";"191,0552";"20,600";"29,265";"0,000"
"38410";"191,0606";"21,134";"29,325";"0,000"
"38411";"191,0660";"21,606";"29,325";"0,000"
"38412";"191,0713";"22,390";"29,175";"0,000"
"38413";"191,0766";"23,168";"29,175";"0,000"
"38414";"191,0819";"24,272";"29,120";"0,000"
"38415";"191,0872";"24,862";"29,120";"0,000"
"38416";"191,0925";"26,214";"29,025";"0,000"
"38417";"191,0978";"28,034";"29,025";"0,000"
"38418";"191,1024";"31,030";"29,025";"0,000"
"38419";"191,1070";"35,670";"28,965";"2,000"
"38420";"191,1115";"41,184";"28,965";"2,000"
"38421";"191,1161";"47,322";"28,850";"2,000"
"38422";"191,1207";"52,796";"28,850";"2,000"
"38423";"191,1252";"58,938";"28,780";"2,000"
"38424";"191,1298";"64,578";"28,780";"2,000"
"38425";"191,1352";"65,000";"28,665";"2,000"
"38426";"191,1405";"65,000";"28,665";"2,000"
"38427";"191,1459";"65,000";"28,665";"2,000"
"38428";"191,1512";"65,000";"28,575";"2,000"
"38429";"191,1565";"65,000";"28,575";"2,000"
"38430";"191,1619";"65,000";"28,510";"2,000"
"38431";"191,1672";"65,000";"28,510";"2,000"
"38432";"191,1725";"65,000";"28,355";"2,000"
"38433";"191,1778";"65,000";"28,355";"2,000"
"38434";"191,1838";"65,000";"28,280";"2,000"
"38435";"191,1898";"65,000";"28,280";"2,000"
"38436";"191,1958";"65,000";"28,090";"2,000"
"38437";"191,2018";"65,000";"28,090";"2,000"
"38438";"191,2078";"65,000";"28,090";"2,000"
"38439";"191,2138";"65,000";"28,005";"2,000"
"38440";"191,2198";"65,000";"28,005";"2,000"
"38441";"191,2230";"65,000";"27,880";"2,000"
"38442";"191,2262";"65,000";"27,880";"2,000"
"38443";"191,2294";"65,000";"27,830";"2,000"
"38444";"191,2326";"65,000";"27,830";"2,000"
"38445";"191,2358";"64,770";"27,760";"2,000"
"38446";"191,2411";"62,264";"27,760";"2,000"
"38447";"191,2465";"60,580";"27,760";"2,000"
"38448";"191,2518";"60,712";"27,605";"2,000"
"38449";"191,2576";"64,058";"27,605";"2,000"
"38450";"191,2635";"65,000";"27,545";"2,000"
"38451";"191,2693";"65,000";"27,545";"2,000"
"38452";"191,2752";"65,000";"27,515";"2,000"
"38453";"191,2810";"65,000";"27,515";"2,000"
"38454";"191,2869";"65,000";"27,360";"2,000"
"38455";"191,2927";"65,000";"27,360";"2,000"
"38456";"191,2967";"65,000";"27,370";"2,000"
"38457";"191,3007";"65,000";"27,370";"2,000"
"38458";"191,3047";"65,000";"27,370";"2,000"
"38459";"191,3087";"65,000";"27,340";"2,000"
"38460";"191,3127";"64,360";"27,340";"2,000"
"38461";"191,3167";"60,638";"27,240";"2,000"
"38462";"191,3207";"55,370";"27,240";"2,000"
"38463";"191,3247";"48,712";"27,230";"2,000"
"38464";"191,3293";"41,820";"27,230";"2,000"
"38465";"191,3339";"34,530";"27,145";"2,000"
"38466";"191,3384";"27,522";"27,145";"2,000"
"38467";"191,3430";"20,548";"27,145";"2,000"
"38468";"191,3475";"13,934";"27,125";"0,000"
"38469";"191,3521";"8,640";"27,125";"0,000"
"38470";"191,3567";"4,908";"27,050";"0,000"
"38471";"191,3647";"2,502";"27,050";"0,000"
"38472";"191,3727";"1,212";"27,030";"0,000"
"38473";"191,3767";"0,536";"27,030";"0,000"
"38474";"191,3807";"0,150";"27,070";"0,000"
"38475";"191,3847";"-0,036";"27,070";"0,000"
"38476";"191,3887";"-0,188";"27,070";"0,000"
"38477";"191,3940";"-0,346";"27,115";"0,000"
"38478";"191,3994";"-0,404";"27,115";"0,000"
"38479";"191,4047";"-0,344";"27,120";"0,000"
"38480";"191,4092";"-0,260";"27,120";"0,000"
"38481";"191,4138";"-0,186";"27,145";"0,000"
"38482";"191,4183";"-0,154";"27,145";"0,000"
"38483";"191,4229";"-0,136";"27,095";"0,000"
"38484";"191,4275";"-0,132";"27,095";"0,000"
"38485";"191,4320";"-0,112";"27,175";"0,000"
"38486";"191,4366";"-0,068";"27,175";"0,000"
"38487";"191,4446";"-0,038";"27,175";"0,000"
"38488";"191,4526";"0,002";"27,195";"0,000"
"38489";"191,4566";"0,012";"27,195";"0,000"
"38490";"191,4606";"-0,008";"27,175";"0,000"
"38491";"191,4645";"-0,020";"27,175";"0,000"
"38492";"191,4685";"-0,036";"27,220";"0,000"
"38493";"191,4739";"-0,044";"27,220";"0,000"
"38494";"191,4792";"-0,038";"27,125";"0,000"
"38495";"191,4846";"-0,018";"27,125";"0,000"
"38496";"191,4891";"0,002";"27,125";"0,000"
"38497";"191,4937";"0,026";"27,180";"0,000"
"38498";"191,4983";"0,026";"27,180";"0,000"
"38499";"191,5028";"0,000";"27,215";"0,000"
"38500";"191,5074";"-0,026";"27,215";"0,000"
"38501";"191,5119";"-0,048";"27,215";"0,000"
"38502";"191,5165";"-0,048";"27,215";"0,000"
"38503";"191,5245";"-0,024";"27,215";"0,000"
"38504";"191,5325";"0,008";"27,215";"0,000"
"38505";"191,5365";"0,028";"27,265";"0,000"
"38506";"191,5405";"0,022";"27,265";"0,000"
"38507";"191,5446";"-0,002";"27,265";"0,000"
"38508";"191,5486";"-0,030";"27,255";"0,000"
"38509";"191,5539";"-0,052";"27,255";"0,000"
"38510";"191,5592";"-0,058";"27,325";"0,000"
"38511";"191,5646";"-0,044";"27,325";"0,000"
"38512";"191,5691";"-0,024";"27,355";"0,000"
"38513";"191,5737";"-0,006";"27,355";"0,000"
"38514";"191,5783";"0,002";"27,355";"0,000"
"38515";"191,5828";"-0,010";"27,355";"0,000"
"38516";"191,5874";"-0,028";"27,355";"0,000"
"38517";"191,5919";"-0,004";"27,310";"0,000"
"38518";"191,5965";"0,044";"27,310";"0,000"
"38519";"191,6045";"0,008";"27,300";"0,000"
"38520";"191,6124";"-0,050";"27,300";"0,000"
"38521";"191,6164";"-0,098";"27,355";"0,000"
"38522";"191,6204";"-0,090";"27,355";"0,000"
"38523";"191,6244";"-0,030";"27,410";"0,000"
"38524";"191,6284";"0,028";"27,410";"0,000"
"38525";"191,6338";"0,034";"27,400";"0,000"
"38526";"191,6392";"0,018";"27,400";"0,000"
"38527";"191,6445";"-0,002";"27,400";"0,000"
"38528";"191,6491";"-0,026";"27,400";"0,000"
"38529";"191,6536";"-0,044";"27,400";"0,000"
"38530";"191,6582";"-0,040";"27,400";"0,000"
"38531";"191,6627";"-0,014";"27,400";"0,000"
"38532";"191,6673";"0,032";"27,395";"0,000"
"38533";"191,6718";"0,046";"27,395";"0,000"
"38534";"191,6764";"0,010";"27,435";"0,000"
"38535";"191,6818";"-0,034";"27,435";"0,000"
"38536";"191,6871";"-0,056";"27,435";"0,000"
"38537";"191,6925";"-0,046";"27,495";"0,000"
"38538";"191,6978";"-0,016";"27,495";"0,000"
"38539";"191,7031";"0,006";"27,530";"0,000"
"38540";"191,7084";"0,008";"27,530";"0,000"
"38541";"191,7138";"-0,004";"27,475";"0,000"
"38542";"191,7192";"-0,016";"27,475";"0,000"
"38543";"191,7247";"-0,016";"27,560";"0,000"
"38544";"191,7301";"-0,008";"27,560";"0,000"
"38545";"191,7355";"0,004";"27,560";"0,000"
"38546";"191,7410";"0,014";"27,580";"0,000"
"38547";"191,7464";"0,010";"27,580";"0,000"
"38548";"191,7518";"-0,008";"27,520";"0,000"
"38549";"191,7573";"-0,028";"27,520";"0,000"
"38550";"191,7627";"-0,042";"27,495";"0,000"
"38551";"191,7681";"-0,034";"27,495";"0,000"
"38552";"191,7736";"-0,010";"27,540";"0,000"
"38553";"191,7790";"0,010";"27,540";"0,000"
"38554";"191,7844";"0,022";"27,540";"0,000"
"38555";"191,7884";"0,022";"27,540";"0,000"
"38556";"191,7924";"0,014";"27,540";"0,000"
"38557";"191,7964";"-0,002";"27,575";"0,000"
"38558";"191,8003";"-0,010";"27,575";"0,000"
"38559";"191,8057";"-0,006";"27,570";"0,000"
"38560";"191,8110";"-0,002";"27,570";"0,000"
"38561";"191,8163";"0,008";"27,635";"0,000"
"38562";"191,8216";"0,018";"27,635";"0,000"
"38563";"191,8268";"0,026";"27,560";"0,000"
"38564";"191,8320";"0,030";"27,560";"0,000"
"38565";"191,8373";"0,060";"27,560";"0,000"
"38566";"191,8425";"0,080";"27,645";"0,000"
"38567";"191,8478";"0,080";"27,645";"0,000"
"38568";"191,8530";"0,070";"27,565";"0,000"
"38569";"191,8582";"0,068";"27,565";"0,000"
"38570";"191,8623";"0,076";"27,680";"0,000"
"38571";"191,8663";"0,084";"27,680";"0,000"
"38572";"191,8703";"0,090";"27,665";"0,000"
"38573";"191,8743";"0,078";"27,665";"0,000"
"38574";"191,8796";"0,076";"27,710";"0,000"
"38575";"191,8850";"0,096";"27,710";"0,000"
"38576";"191,8903";"0,122";"27,710";"0,000"
"38577";"191,8949";"0,130";"27,745";"0,000"
"38578";"191,8994";"0,122";"27,745";"0,000"
"38579";"191,9040";"0,178";"27,620";"0,000"
"38580";"191,9086";"0,206";"27,620";"0,000"
"38581";"191,9131";"0,200";"27,700";"0,000"
"38582";"191,9177";"0,246";"27,700";"0,000"
"38583";"191,9222";"0,214";"27,700";"0,000"
"38584";"191,9276";"0,174";"27,700";"0,000"
"38585";"191,9329";"0,128";"27,700";"0,000"
"38586";"191,9382";"0,098";"27,715";"0,000"
"38587";"191,9435";"0,142";"27,715";"0,000"
"38588";"191,9489";"0,196";"27,680";"0,000"
"38589";"191,9542";"0,186";"27,680";"0,000"
"38590";"191,9595";"0,162";"27,715";"0,000"
"38591";"191,9649";"0,126";"27,715";"0,000"
"38592";"191,9702";"0,126";"27,775";"0,000"
"38593";"191,9755";"0,130";"27,775";"0,000"
"38594";"191,9807";"0,128";"27,775";"0,000"
"38595";"191,9860";"0,122";"27,775";"0,000"
"38596";"191,9912";"0,112";"27,775";"0,000"
"38597";"191,9964";"0,162";"27,855";"0,000"
"38598";"192,0017";"0,266";"27,855";"0,000"
"38599";"192,0069";"0,366";"27,790";"0,000"
"38600";"192,0122";"0,552";"27,790";"0,000"
"38601";"192,0162";"1,200";"27,740";"0,000"
"38602";"192,0202";"3,556";"27,740";"0,000"
"38603";"192,0241";"9,472";"27,810";"0,000"
"38604";"192,0281";"14,684";"27,810";"0,000"
"38605";"192,0335";"13,578";"27,810";"0,000"
"38606";"192,0388";"10,878";"27,835";"0,000"
"38607";"192,0442";"9,908";"27,835";"0,000"
"38608";"192,0487";"9,156";"27,825";"0,000"
"38609";"192,0533";"8,992";"27,825";"0,000"
"38610";"192,0578";"9,052";"27,780";"0,000"
"38611";"192,0624";"9,322";"27,780";"0,000"
"38612";"192,0669";"10,356";"27,800";"0,000"
"38613";"192,0715";"11,536";"27,800";"0,000"
"38614";"192,0761";"11,720";"27,800";"0,000"
"38615";"192,0814";"12,478";"27,710";"0,000"
"38616";"192,0868";"13,800";"27,710";"0,000"
"38617";"192,0922";"14,094";"27,690";"0,000"
"38618";"192,0975";"16,234";"27,690";"0,000"
"38619";"192,1028";"18,702";"27,680";"0,000"
"38620";"192,1082";"20,102";"27,680";"0,000"
"38621";"192,1135";"20,836";"27,600";"0,000"
"38622";"192,1188";"21,230";"27,600";"0,000"
"38623";"192,1241";"22,114";"27,655";"0,000"
"38624";"192,1287";"22,230";"27,655";"0,000"
"38625";"192,1332";"22,102";"27,655";"0,000"
"38626";"192,1378";"22,516";"27,525";"0,000"
"38627";"192,1423";"21,764";"27,525";"0,000"
"38628";"192,1469";"22,478";"27,545";"0,000"
"38629";"192,1515";"22,398";"27,545";"0,000"
"38630";"192,1560";"26,138";"27,485";"0,000"
"38631";"192,1614";"28,924";"27,485";"0,000"
"38632";"192,1667";"29,672";"27,455";"0,000"
"38633";"192,1721";"31,348";"27,455";"0,000"
"38634";"192,1774";"32,418";"27,455";"0,000"
"38635";"192,1828";"33,510";"27,395";"0,000"
"38636";"192,1881";"33,826";"27,395";"0,000"
"38637";"192,1934";"33,616";"27,365";"0,000"
"38638";"192,1987";"32,698";"27,365";"0,000"
"38639";"192,2041";"31,882";"27,355";"0,000"
"38640";"192,2093";"30,546";"27,355";"0,000"
"38641";"192,2145";"29,146";"27,275";"0,000"
"38642";"192,2197";"27,020";"27,275";"0,000"
"38643";"192,2250";"24,950";"27,295";"0,000"
"38644";"192,2302";"23,376";"27,295";"0,000"
"38645";"192,2354";"22,842";"27,295";"0,000"
"38646";"192,2406";"22,664";"27,235";"0,000"
"38647";"192,2458";"21,028";"27,235";"0,000"
"38648";"192,2499";"19,984";"27,210";"0,000"
"38649";"192,2539";"20,418";"27,210";"0,000"
"38650";"192,2580";"22,180";"27,165";"0,000"
"38651";"192,2620";"23,114";"27,165";"0,000"
"38652";"192,2674";"24,130";"27,155";"0,000"
"38653";"192,2727";"23,650";"27,155";"0,000"
"38654";"192,2781";"22,948";"27,155";"0,000"
"38655";"192,2834";"21,614";"27,070";"0,000"
"38656";"192,2887";"19,340";"27,070";"0,000"
"38657";"192,2940";"17,198";"27,120";"0,000"
"38658";"192,2993";"14,916";"27,120";"0,000"
"38659";"192,3047";"13,372";"27,055";"0,000"
"38660";"192,3100";"10,638";"27,055";"0,000"
"38661";"192,3153";"8,386";"27,000";"0,000"
"38662";"192,3206";"6,996";"27,000";"0,000"
"38663";"192,3260";"5,200";"27,020";"0,000"
"38664";"192,3313";"3,402";"27,020";"0,000"
"38665";"192,3366";"2,264";"27,020";"0,000"
"38666";"192,3419";"1,310";"27,050";"0,000"
"38667";"192,3459";"0,604";"27,050";"0,000"
"38668";"192,3499";"0,294";"27,070";"0,000"
"38669";"192,3539";"0,228";"27,070";"0,000"
"38670";"192,3579";"0,238";"26,965";"0,000"
"38671";"192,3619";"0,302";"26,965";"0,000"
"38672";"192,3659";"0,462";"27,050";"0,000"
"38673";"192,3698";"0,610";"27,050";"0,000"
"38674";"192,3738";"0,642";"27,050";"0,000"
"38675";"192,3784";"0,568";"27,020";"0,000"
"38676";"192,3830";"0,334";"27,020";"0,000"
"38677";"192,3875";"0,154";"27,090";"0,000"
"38678";"192,3921";"0,108";"27,090";"0,000"
"38679";"192,3966";"0,092";"27,060";"0,000"
"38680";"192,4012";"0,044";"27,060";"0,000"
"38681";"192,4058";"0,004";"27,085";"0,000"
"38682";"192,4138";"-0,012";"27,085";"0,000"
"38683";"192,4218";"-0,030";"27,085";"0,000"
"38684";"192,4272";"-0,020";"27,055";"0,000"
"38685";"192,4325";"0,024";"27,055";"0,000"
"38686";"192,4378";"0,034";"27,175";"0,000"
"38687";"192,4418";"0,054";"27,175";"0,000"
"38688";"192,4458";"0,110";"27,180";"0,000"
"38689";"192,4499";"0,138";"27,180";"0,000"
"38690";"192,4539";"0,126";"27,110";"0,000"
"38691";"192,4598";"0,116";"27,110";"0,000"
"38692";"192,4658";"0,140";"27,110";"0,000"
"38693";"192,4718";"0,152";"27,110";"0,000"
"38694";"192,4778";"0,148";"27,110";"0,000"
"38695";"192,4837";"0,138";"27,110";"0,000"
"38696";"192,4897";"0,092";"27,110";"0,000"
"38697";"192,4957";"0,058";"27,100";"0,000"
"38698";"192,5016";"0,048";"27,100";"0,000"
"38699";"192,5057";"0,022";"27,125";"0,000"
"38700";"192,5097";"-0,008";"27,125";"0,000"
"38701";"192,5138";"-0,024";"27,220";"0,000"
"38702";"192,5178";"-0,042";"27,220";"0,000"
"38703";"192,5218";"-0,072";"27,220";"0,000"
"38704";"192,5258";"-0,106";"27,200";"0,000"
"38705";"192,5298";"-0,142";"27,200";"0,000"
"38706";"192,5338";"-0,188";"27,195";"0,000"
